Method,Time_per_prime_us
C-sieve,223.36040064692497
Miller–Rabin,50.70429854094982
Hybrid,10.466299951076508
