Method,Time_per_prime_us
C-sieve,165.89919850230217
Miller–Rabin,43.148500844836235
Hybrid,7.875699549913407
