Domain,Weight
1,1.0
2,0.00982589841372695
3,0.02821314690858276
4,0.03892924587453322
5,0.03541399979805228
