Domain,Weight
1,1.0
2,0.009825898413727519
3,0.028213146908577402
4,0.038929245874528756
5,0.03541399979805284
